Latitude,Longitude,Value
35.9947998,136.1440818,0
36.0008277,135.9857622,0
35.960489,136.3454768,0
36.0602396,136.19906,0
35.99855,136.3576296,0
36.039072,136.171291,0
36.0773498,136.1070671,0
35.9471178,136.4413943,0
36.0608423,136.2084618,0
36.0545015,136.2055512,0
36.0045966,136.2045505,0
36.0056296,136.1985732,0
36.0038547,136.1935515,0
36.1057007,136.1986386,0
36.0098571,136.300672,0
36.0166561,136.2974668,0
36.0087265,136.1974926,0
36.1049453,136.2192113,0
36.0230411,136.0469533,0
36.1228532,136.168722,0
36.0912092,136.0324206,0
36.0344273,136.2668033,0
36.039074,136.2675836,0
36.0438958,136.2664918,0
36.1164282,136.1352308,0
36.0661942,136.1856754,0
36.0808595,136.226746,0
36.088203,136.2251546,0
36.0111881,135.9889864,0
36.1471412,136.1516035,0
35.9883836,136.246294,0
36.1474103,136.1072293,0
36.1487407,136.1034739,0
36.1379004,136.1217901,0
36.1168914,136.2199135,0
36.092905,136.2712649,0
36.0507386,136.2281134,0
36.0521217,136.2287883,0
36.0997888,136.136078,0
36.0188549,136.3306737,0
36.1344508,136.0992251,0
36.0521411,136.226144,0
36.1222649,136.0564929,0
36.1025511,136.2235996,0
36.1020206,136.2234496,0
36.1022318,136.2248662,0
36.0305748,136.2562404,0
36.0680682,136.2534942,0
36.0211392,136.2070634,0
36.0040872,136.2592512,0
36.0571888,136.2603555,0
36.142025,136.1479708,0
36.1132536,136.236912,0
36.1151674,136.2389923,0
36.0941354,136.1930141,0
36.0397472,136.3323286,0
36.0038616,136.325333,0
36.0410677,136.2312083,0
36.0182394,136.3565071,0
36.041094,136.0397311,0
36.1326207,136.1577926,0
36.0471281,136.2367187,0
36.1156653,136.2534938,0
36.051951,136.184837,0
36.1291109,136.1721493,0
35.9926812,136.1876277,0
36.0274691,136.2104963,0
36.0878778,136.18862,0
36.0366341,136.1941523,0
36.0371537,136.1997438,0
36.0279793,136.181268,0
36.0699425,136.2452307,0
36.0191126,136.2574236,0
36.1372649,136.0797625,0
36.0156029,136.3399506,0
36.0303741,136.2045854,0
36.0702548,136.1848394,0
36.0097967,136.2315702,0
36.1314318,136.1365724,0
36.0661807,136.2254766,0
36.1159173,136.1415414,0
36.0200977,136.2114298,0
36.0337768,136.2175928,0
36.0492234,136.0172019,0
36.0814536,136.2160887,0
36.0004665,136.4109887,0
35.9957657,136.2413973,0
36.0215069,136.1180972,0
36.0337451,136.0482389,0
36.0941898,136.2495084,0
36.0984842,136.2571133,0
36.0381771,136.2751886,0
36.0807577,136.1015011,0
36.0702514,136.1627226,0
35.9623127,136.4040183,0
36.0732408,136.0272442,0
36.041888,136.2804962,0
36.0297867,136.1395724,0
36.0528656,136.2036681,0
35.9486849,136.3526572,0
36.0786188,136.2387062,0
36.0846683,136.24287,0
36.0993255,136.1577649,0
36.0699244,136.1972518,0
36.0695661,136.2072895,0
36.0276827,136.3904042,0
36.0376779,136.0470083,0
36.0269093,136.1403169,0
36.0516354,136.2199278,0
36.0501996,136.2215722,0
36.046971,136.1677664,0
36.0247459,136.1597427,0
35.9891711,136.2039733,0
36.0558711,136.225791,0
35.9822929,136.2792826,0
36.0711597,136.1660862,0
36.0259141,136.2325698,0
36.0679144,136.0921078,0
35.990251,136.1864641,0
36.0605993,136.2503532,0
36.0161376,136.2344226,0
36.0321863,136.1329646,0
36.0122804,136.2606066,0
36.0836698,136.2695735,0
36.0187327,136.2760719,0
36.0160573,136.2472466,0
36.1119814,136.2338234,0
36.1146978,136.2345261,0
36.0273696,136.2471993,0
36.0188822,136.1127841,0
36.0374302,136.0132,0
36.0624031,136.1946605,0
36.0566872,136.1935245,0
36.0206098,136.1159587,0
36.0517961,136.1929413,0
36.1084837,136.1973191,0
36.1207729,136.250194,0
36.116269,136.2030822,0
36.1454883,136.0981161,0
35.9540445,136.4329037,0
36.1094719,136.1739661,0
36.0720676,136.2522775,0
36.1074885,136.0467995,0
36.1046144,136.1781408,0
36.0985684,136.2736896,0
36.0981292,136.2672596,0
36.0667489,136.1579898,0
36.0035811,136.2403834,0
36.0018646,136.2379448,0
36.0685093,136.245417,0
36.0708982,136.2495221,0
36.0487332,136.223886,0
36.0443782,136.2202142,0
36.0597614,136.1787679,0
36.0017303,136.297042,0
36.1448107,136.1280474,0
36.0885862,136.2241131,0
36.0892443,136.2213829,0
36.0988113,136.1421413,0
36.0547119,136.1751683,0
36.1397363,136.1331001,0
36.0969811,136.0590213,0
36.0524653,136.0436244,0
36.0400244,136.0124527,0
35.9882398,136.3587829,0
36.0442434,136.1638891,0
36.1176811,136.2410643,0
36.1150453,136.2414171,0
36.1477579,136.1563195,0
36.040179,136.2374385,0
36.0370071,136.2421551,0
36.0573762,136.213578,0
36.0724962,136.2738845,0
36.0727546,136.2104086,0
36.034688,136.2446161,0
35.9910896,136.3676765,0
36.0379462,136.2636203,0
36.0510009,136.2737354,0
36.0875763,136.118588,0
36.059544,136.2546279,0
36.0656555,136.202054,0
36.0024711,136.1454868,0
36.1581153,136.1562631,0
36.1317742,136.1692663,0
36.0703104,136.024189,0
36.1392391,136.1274201,0
36.0167172,136.3525769,0
36.1437219,136.1234312,0
35.9994999,136.3648874,0
36.0704382,136.2787676,0
36.004784,136.1037,0
36.0881944,136.1981993,0
36.0881361,136.1930139,0
36.1381198,136.1420328,0
36.0762098,136.1921109,0
36.0546529,136.1179547,0
36.0268497,136.4293192,0
35.9872076,136.2074368,0
36.0056139,136.3184255,0
36.0788488,136.2868307,0
36.1076723,136.1774075,0
36.0172325,136.123133,0
36.0017719,136.3605486,0
36.0703501,136.2342314,0
36.0890835,136.2765229,0
36.1331153,136.1611561,0
36.0973751,136.110625,0
36.0330968,136.1053536,0
36.0195051,136.1611399,0
36.027244,136.2071632,0
36.0732902,136.1736463,0
35.9947532,136.19083,0
36.0193452,136.2149074,0
36.0200682,136.2613177,0
36.0216738,136.2707252,0
36.0203956,136.2436802,0
36.1069121,136.2283463,0
36.1082174,136.2256632,0
36.0284471,136.2305728,0
36.0666971,136.2142304,0
35.9862621,136.2924092,0
36.0159387,136.2774357,0
36.1393475,136.1550565,0
36.148877,136.1405459,0
36.1611976,136.1190744,0
36.0808542,136.0282297,0
36.0403659,136.2777605,0
36.1061636,136.2522858,0
36.0799359,136.2482056,0
36.0825722,136.2576049,0
36.0467647,136.1094557,0
36.0733073,136.192669,0
36.1443192,136.1481567,0
36.0546191,136.2432345,0
36.0453094,136.260845,0
36.0644433,136.2505779,0
36.0899424,136.2375565,0
36.0989938,136.2330043,0
36.1140369,136.1063197,0
36.1126911,136.1794238,0
36.0977081,136.2379788,0
36.0461235,136.1525681,0
36.0361222,136.1658444,0
36.0378143,136.186042,0
36.1029922,136.1722914,0
36.0724686,136.2137415,0
36.0444336,136.2136648,0
36.1001624,136.1912089,0
35.992957,136.2165218,0
36.189638,136.1340475,0
36.0656861,136.2107975,0
36.0597498,136.2628107,0
36.0228066,136.2583346,0
36.1233273,136.1399332,0
36.0353157,136.2528989,0
36.0281049,136.4208006,0
36.0580345,136.2219967,0
36.1010173,136.257891,0
36.0029991,136.1851912,0
36.0209795,136.2740832,0
36.1403501,136.1179152,0
36.0745139,136.241481,0
36.0117418,136.3334597,0
36.0518745,136.2282356,0
36.0749386,136.2366313,0
35.9618231,136.3673,0
36.0361735,136.2083294,0
36.1461385,136.1530617,0
36.0292379,136.0643427,0
36.0890971,136.2099786,0
36.0813744,136.119735,0
36.0410775,136.0463165,0
36.0423146,136.2216589,0
36.1489352,136.112351,0
36.0885914,136.2670098,0
35.9772217,136.3736684,0
35.9569874,136.366239,0
35.9854102,136.4358445,0
36.1425276,136.1121682,0
36.0461579,136.1933802,0
36.1460333,136.1616857,0
36.0408808,136.1945302,0
36.0979155,136.2022881,0
36.1042763,136.2285575,0
36.0035192,136.2108861,0
36.0520367,136.1291091,0
36.0792763,136.2264599,0
35.9869237,136.3932913,0
36.1449025,136.1416545,0
36.0298962,136.1978498,0
35.9922814,136.4167216,0
36.0492635,136.2150228,0
35.9991749,136.3610293,0
36.06112,136.2026069,0
36.1041093,136.2232385,0
36.0156916,136.277944,0
36.1180406,136.1829846,0
36.0707005,136.2420503,0
36.063553,136.1890251,0
36.0527416,136.2468483,0
35.6052555,136.1226182,0
35.6243882,136.0517832,0
35.6762479,136.1166095,0
35.6283464,136.0712586,0
35.6537996,136.0714775,0
35.6500699,136.0880007,0
35.648955,136.0456863,0
35.637495,136.0556605,0
35.6664737,136.0809788,0
35.6475941,136.0543048,0
35.6418318,136.0921532,0
35.651808,136.0695945,0
35.633707,136.070967,0
35.6286516,136.0455256,0
35.6392207,136.0836904,0
35.654988,136.0579597,0
35.6544085,136.0990268,0
35.6515669,136.0872091,0
35.4855636,135.6833855,0
35.4745772,135.7932768,0
35.448023,135.7266874,0
35.4912046,135.7423637,0
35.4959458,135.7402722,0
35.5431446,135.7698033,0
35.4881818,135.8302876,0
35.482773,135.7731587,0
35.4798652,135.7819637,0
35.4646571,135.7285261,0
35.498976,135.7542293,0
35.4505277,135.6971849,0
35.4721581,135.8085643,0
35.5060031,135.7532016,0
35.4870331,135.7579346,0
35.991443,136.478873,0
35.9864127,136.5963238,0
35.8830657,136.6075132,0
35.9590792,136.5372807,0
35.9513682,136.4808757,0
36.0107479,136.5325811,0
35.9933557,136.5434105,0
36.0006475,136.4995151,0
35.9398455,136.5321371,0
35.9826166,136.4909551,0
36.0076193,136.5077587,0
36.0028779,136.5082169,0
36.0817088,136.4620675,0
36.0412247,136.4880636,0
36.0805835,136.441328,0
36.0694244,136.497098,0
36.0448054,136.5060674,0
36.0203892,136.5397639,0
36.0916026,136.5315524,0
35.9628648,136.2321594,0
35.9394526,136.1729619,0
35.982277,136.1750739,0
35.9884594,136.1699851,0
35.9691485,136.1826712,0
36.1986267,136.2365835,0
36.2276364,136.2023106,0
36.2265124,136.2319551,0
36.2110828,136.1990893,0
36.2242123,136.2163123,0
35.9246074,136.1788951,0
35.8866721,136.0533235,0
35.8749456,136.0468605,0
35.9039119,136.1530037,0
35.8844146,136.163931,0
35.9028876,136.1714659,0
35.8901885,136.147313,0
35.8946597,136.2383608,0
35.8969179,136.0452488,0
36.1575076,136.2562222,0
36.1230881,136.2217214,0
36.1282045,136.2265958,0
36.1555916,136.270382,0
36.1542516,136.3328944,0
36.1520233,136.2941461,0
36.1565193,136.2736621,0
36.2262327,136.1339773,0
36.1665915,136.1269816,0
36.0901992,136.341884,0
36.0914226,136.2862221,0
35.8780602,136.3458545,0
35.8337612,136.1202171,0
35.7955001,136.2184991,0
35.9475577,136.0952973,0
35.9808265,136.124215,0
35.603874,135.9436177,0
35.4786706,135.5920688,0
35.4488374,135.5598902,0
35.458787,135.6154399,0
35.4849623,135.8054674,0
35.4551889,135.8700686,0
36.5501908,136.6923946,1
36.5819815,136.6949792,1
36.4901136,136.7163913,1
36.4834083,136.6983187,1
36.5603478,136.6730985,1
36.5026542,136.7304759,1
36.6121661,136.6793875,1
36.487504,136.7563458,1
36.4052713,136.4435269,1
36.3985343,136.4975591,1
36.4376435,136.4792373,1
36.4302415,136.4411013,1
36.3056044,136.3102442,1
36.2989663,136.3127915,1
36.2740956,136.3565462,1
36.4885693,136.5574678,1
36.4907301,136.5732608,1
36.5069518,136.5335806,1
36.4943659,136.511211,1
36.5270203,136.6248725,1
35.4205848,136.7639951,1
35.4309724,136.7653891,1
35.4260174,136.7499438,1
35.3840697,136.7458016,1
35.3961988,136.7500087,1
35.3850446,136.7561335,1
35.3780844,136.7560951,1
35.3814452,136.7620081,1
35.3748681,136.7518236,1
35.3928881,136.7490868,1
35.3740598,136.74513,1
35.385364,136.7511064,1
35.4373477,136.8502878,1
35.4542263,136.8574254,1
35.4192405,136.7775523,1
35.4301278,136.7430197,1
35.4289866,136.7665474,1
35.3982123,136.7176606,1
35.4281432,136.8561235,1
35.3995234,136.7364633,1
35.4227456,136.7597621,1
35.4000345,136.7650235,1
35.462076,136.8701688,1
35.4433902,136.7710771,1
35.4131464,136.7175629,1
35.3943463,136.756844,1
35.4960625,136.8340438,1
35.3970932,136.7479256,1
35.4082029,136.7487167,1
35.3995818,136.7521693,1
35.4026675,136.7552076,1
35.4029813,136.7644734,1
35.4061726,136.748489,1
35.433436,136.7687888,1
35.4444501,136.7053026,1
35.4363712,136.7351096,1
35.4453454,136.7713409,1
35.502706,136.8300635,1
35.409375,136.7822216,1
35.4095083,136.7443868,1
35.393402,136.7614547,1
35.4078335,136.7736308,1
35.4151074,136.7305665,1
35.4533636,136.7511733,1
35.5153992,136.7226081,1
35.4167851,136.7407232,1
35.4324778,136.7647864,1
35.4279783,136.7654837,1
35.4299003,136.7679445,1
35.4072391,136.7443424,1
35.4368883,136.7536734,1
35.4492921,136.773524,1
35.4213069,136.7642451,1
35.4902932,136.8251337,1
35.4350323,136.7272997,1
35.4267257,136.7603397,1
35.4171685,136.7582319,1
35.4460925,136.7638333,1
35.4687382,136.6930703,1
35.4219124,136.7835989,1
35.441746,136.7725243,1
35.443654,136.7818623,1
35.4570187,136.777079,1
35.4483821,136.8235934,1
35.4021731,136.7676509,1
35.4458944,136.7045332,1
35.4271835,136.7331907,1
35.4178962,136.761676,1
35.4178018,136.7694781,1
35.4118914,136.7521522,1
35.4489578,136.7106487,1
35.370757,136.7079073,1
35.4365777,136.8024991,1
35.41288,136.738407,1
35.450989,136.7733267,1
35.4057893,136.7679036,1
35.4433652,136.7844537,1
35.4527969,136.7492763,1
35.4375206,136.7019562,1
35.4250898,136.7579928,1
35.4708013,136.83305,1
35.4283783,136.7618479,1
35.4373292,136.7290938,1
35.4197347,136.7452474,1
35.4870359,136.8374131,1
35.4220429,136.7588122,1
35.354484,136.709868,1
35.4192904,136.7517326,1
35.502547,136.8166232,1
35.4199432,136.7583068,1
35.4819946,136.8353106,1
35.4016176,136.7452869,1
35.3446242,136.6025939,1
35.306185,136.610105,1
35.3533464,136.6353673,1
35.3917821,136.5946554,1
35.3826375,136.6388693,1
35.2842651,136.4715496,1
35.2638028,136.4407776,1
35.3604451,136.6090897,1
35.3640256,136.6183243,1
35.3611177,136.6340088,1
35.3065492,136.620559,1
35.3571049,136.6752665,1
35.4020987,136.6178519,1
35.3580262,136.6166803,1
35.3271318,136.6008474,1
35.31838,136.595468,1
35.3624421,136.6102727,1
35.3404007,136.6544743,1
35.3223947,136.632935,1
35.3589041,136.6222377,1
35.3773265,136.6130638,1
35.3409359,136.6056935,1
36.0651719,136.8863465,1
36.028856,136.9571819,1
35.4808204,136.91947,1
35.4818423,136.9137733,1
35.4920209,136.8884502,1
35.5179851,136.985425,1
35.4594163,136.894192,1
35.4741463,136.9284944,1
35.4725464,136.8561695,1
35.4844894,136.9206809,1
35.4799452,136.9109652,1
35.4809094,136.9337326,1
35.4824508,136.9232918,1
35.4855505,136.9251555,1
35.4944546,136.9106704,1
35.4832063,136.9233807,1
35.4703822,136.8430349,1
35.6447172,136.8213951,1
35.4894468,136.9086124,1
35.540429,136.8265025,1
35.4769293,136.9279749,1
35.5294262,136.8704071,1
35.5199506,136.8974491,1
35.5463641,136.9140001,1
35.5809229,136.8693361,1
35.3492264,136.7125537,1
35.2951738,136.7003338,1
35.2970486,136.7165203,1
35.3167378,136.6825077,1
35.3035784,136.6758752,1
35.3289204,136.7158754,1
35.4392364,137.0069624,1
35.4553051,137.0168862,1
35.4744296,137.044308,1
35.4171525,136.9352889,1
35.4236993,136.8319043,1
35.3625159,136.8432719,1
35.407113,136.865065,1
35.4121064,136.8574322,1
35.4104148,136.8524717,1
35.4005133,136.8372933,1
35.4267712,136.841928,1
35.3970249,136.8461591,1
35.3972888,136.8366963,1
35.4130784,136.8347237,1
35.4121812,136.9480129,1
35.5176827,136.7555069,1
35.4923807,136.7855744,1
35.4235936,136.6440323,1
35.4036498,136.6910255,1
35.4030137,136.6718524,1
35.5554073,136.6451523,1
35.652043,136.6434924,1
35.5934159,136.6291968,1
35.8858659,136.8831391,1
35.9697288,136.9278411,1
35.7442716,136.9490668,1
35.6431844,136.9535063,1
35.7934994,136.9067847,1
35.7463383,137.0685948,1
35.2149823,136.6513996,1
35.1863016,136.6331446,1
35.2862301,136.6672071,1
35.3929661,136.7738563,1
35.3656832,136.7620865,1
35.3710965,136.7622475,1
35.3332662,136.5662761,1
35.2845305,136.5518929,1
35.3920648,136.5301647,1
35.3624289,136.4701818,1
35.4203398,136.6042648,1
35.2643625,136.6172912,1
35.5806512,136.5223173,1
35.4857869,136.5869781,1
35.7466573,136.4564361,1
35.4804212,136.6333366,1
35.4469666,136.5948734,1
35.4157121,136.6830927,1
35.4945317,136.9721015,1
36.1491472,136.9110283,1
34.9747612,135.9736494,1
34.9444042,135.9036752,1
35.0431623,135.8638447,1
34.9892157,135.8803693,1
35.1396875,135.9178955,1
35.0010421,135.8695204,1
35.0540109,135.8654276,1
35.2111079,135.9277403,1
34.9781841,135.8998368,1
35.1440389,135.8646045,1
35.1437751,135.874259,1
35.1607624,135.8786666,1
35.0030697,135.8760587,1
35.0041335,135.8772308,1
34.9067581,135.9371555,1
35.101844,135.8906349,1
35.0114464,135.8531855,1
35.2467445,135.8665596,1
34.991119,135.9125408,1
34.9986564,135.8906879,1
35.0082135,135.8553354,1
34.9342918,135.9338025,1
34.9738767,135.9120936,1
34.9786113,135.8777083,1
34.9768171,135.883519,1
35.0211676,135.8630482,1
34.9352884,135.9045279,1
35.1833854,135.9091997,1
34.9604568,135.9593919,1
34.978287,135.903503,1
35.0094467,135.8566575,1
35.0046806,135.861996,1
35.1423786,135.9058081,1
35.273789,136.262089,1
35.2457925,136.2645763,1
35.2109527,136.1864091,1
35.2458726,136.2534802,1
35.260661,136.2952501,1
35.2752983,136.2990437,1
35.2616821,136.2595704,1
35.2694227,136.2545871,1
35.2865552,136.3044038,1
35.2465232,136.2739669,1
35.2050821,136.200177,1
35.2711334,136.2517901,1
35.2282241,136.2445508,1
35.4615274,136.2872562,1
35.4521952,136.2885977,1
35.3778822,136.2998583,1
35.4290212,136.3364975,1
35.4184529,136.2257469,1
35.4861866,136.2015469,1
35.4982628,136.2565283,1
35.4970323,136.1914975,1
35.4054891,136.269367,1
35.4495871,136.1914038,1
35.4566019,136.2316662,1
35.3886834,136.2875404,1
35.4035002,136.2587208,1
35.4269294,136.3074761,1
35.4377063,136.3393999,1
35.4777642,136.2409461,1
35.4774968,136.2197566,1
35.4751962,136.2058024,1
35.3576152,136.2859684,1
35.4238661,136.2242582,1
35.4959572,136.1348441,1
35.5298313,136.1627215,1
35.4186339,136.2401146,1
35.3797574,136.3131677,1
35.38893,136.2678978,1
35.4030138,136.2486552,1
35.392095,136.2259413,1
35.4412685,136.2797238,1
35.6130704,136.222602,1
35.6171976,136.2396022,1
35.4568505,136.2979519,1
35.1440984,136.1447992,1
35.1414959,136.14701,1
35.1003448,136.0705955,1
35.111877,136.0886244,1
35.1046306,136.0782532,1
35.1446494,136.0226839,1
35.1232421,136.0957986,1
35.1390815,136.0913325,1
35.1396564,136.086733,1
35.1165402,136.090427,1
35.1394565,136.0931323,1
35.1383178,136.0944932,1
35.1434228,136.0939322,1
35.1439226,136.0741146,1
35.1180486,136.1127577,1
34.9803103,135.9483817,1
35.0184582,135.9522393,1
35.023963,135.956522,1
35.0130814,135.9653271,1
35.0243904,135.9263914,1
35.053632,135.981225,1
35.0783298,136.0053139,1
35.0921216,135.9716224,1
35.056945,135.963185,1
35.0562543,135.9946903,1
35.0217917,135.9918577,1
35.0373009,136.0135491,1
35.0178975,135.9770898,1
34.9320405,136.1955097,1
34.8990307,136.2153341,1
34.9468638,136.1774805,1
34.939859,136.1816135,1
34.9256896,136.0757202,1
34.8636576,136.0278259,1
34.9457366,136.2329255,1
34.9374493,136.2570104,1
34.9615227,136.1403336,1
34.9751687,136.1816936,1
34.9669502,136.1756248,1
34.9995074,136.155364,1
34.9674835,136.1708668,1
35.1362113,135.9994529,1
35.096592,136.0411958,1
35.0998363,136.0648627,1
35.0938257,136.0374851,1
35.061293,136.012877,1
35.0138408,136.063281,1
35.0063139,136.0528379,1
35.0136307,136.1266245,1
35.035366,136.0629917,1
35.3268218,136.0691496,1
35.3233987,136.0174374,1
35.4268467,136.0251589,1
35.4295704,135.9493118,1
35.3998128,135.9804564,1
35.3467756,135.911229,1
35.2862959,135.8803803,1
35.2896133,136.0113214,1
35.3133717,135.9702887,1
35.4598014,136.0360347,1
35.4998698,136.0899768,1
35.2020055,136.1596207,1
35.0987344,136.1770925,1
35.0956793,136.193858,1
35.1121045,136.2782656,1
35.1064286,136.2070456,1
35.0384222,136.1966647,1
35.1290808,136.2601555,1
35.0606168,136.168078,1
35.1554117,136.1791985,1
35.1418024,136.1866638,1
35.0904083,136.2238029,1
35.1075752,136.1910938,1
35.111524,136.2833236,1
35.1201327,136.1995848,1
35.0870941,136.1468179,1
35.179014,136.1652395,1
35.1445463,136.2651497,1
35.1428345,136.2329237,1
35.1115611,136.1940047,1
35.0582327,136.3101035,1
35.3937165,136.3826422,1
35.3024198,136.3502098,1
35.3245949,136.3454346,1
35.3449589,136.2933592,1
35.3920701,136.3539596,1
35.3606878,136.374686,1
35.0121644,136.2305116,1
35.006218,136.2974766,1
34.9741669,136.2324688,1
35.0070982,136.2242622,1
35.0344613,136.2307614,1
35.0854193,136.120735,1
35.176124,136.2448119,1
35.1885116,136.1996465,1
35.1812767,136.2052597,1
35.1721788,136.2234937,1
35.1978211,136.2298461,1
35.2034546,136.255714,1
35.2354639,136.295187,1
35.2318694,136.2780975,1
35.2438132,136.3258164,1
35.0335871,135.7684039,1
35.0356147,135.7659485,1
35.0398726,135.7642902,1
35.0421418,135.7626875,1
35.0443521,135.7330095,1
35.040269,135.7269572,1
35.0415939,135.726174,1
35.0450462,135.7199273,1
35.0474682,135.7185274,1
35.041505,135.7287126,1
35.0545261,135.7374007,1
35.0564344,135.7501135,1
35.0586064,135.7476137,1
35.0554289,135.7444445,1
35.0555455,135.7394089,1
35.1152072,135.6735439,1
35.0695718,135.752516,1
35.0695024,135.7542798,1
35.1005903,135.7399811,1
35.0676553,135.7466193,1
35.0700301,135.7512134,1
35.0566011,135.7607848,1
35.0268593,135.7322209,1
35.0376028,135.7323817,1
35.0379388,135.7303625,1
35.0379173,135.7644013,1
35.0446054,135.75886,1
35.0514462,135.7540631,1
35.0410002,135.7569129,1
35.0536737,135.7537493,1
35.049838,135.7494052,1
35.0535403,135.7470693,1
35.0481215,135.7509467,1
35.0231817,135.729288,1
35.0529845,135.7308485,1
35.0376395,135.7639541,1
35.0822943,135.6898296,1
35.062517,135.7470526,1
35.0593007,135.7415448,1
35.0600201,135.7446779,1
35.0350918,135.7305236,1
35.0461715,135.7414226,1
35.0444053,135.7533576,1
35.0413333,135.7474776,1
35.0411776,135.741742,1
35.0457549,135.739045,1
35.0214878,135.7418174,1
35.0171164,135.7690014,1
35.031101,135.7475055,1
35.0200298,135.7481614,1
35.0323817,135.7566519,1
35.0329315,135.7508774,1
35.0242713,135.753583,1
35.0314206,135.7539272,1
35.0364562,135.7512273,1
35.0225098,135.735168,1
35.0184661,135.7477726,1
35.0284235,135.7489166,1
35.0315453,135.7431892,1
35.021466,135.7697374,1
35.0361425,135.763968,1
35.0307235,135.7556687,1
35.0201656,135.737879,1
35.0258323,135.7555078,1
35.0244407,135.7561078,1
35.0360341,135.7537132,1
35.0231045,135.7465281,1
35.0329397,135.7462139,1
35.0300592,135.7377453,1
35.0242572,135.7480974,1
35.0243294,135.7474252,1
35.0220798,135.7531497,1
35.0273986,135.7472529,1
35.0287733,135.7412284,1
35.0219576,135.7545135,1
35.0208436,135.7477225,1
35.0279625,135.7513469,1
35.0240932,135.7424506,1
35.0200992,135.7472309,1
35.0193467,135.7534498,1
35.0227159,135.7574549,1
35.0255344,135.7336375,1
35.023163,135.7525998,1
35.02311,135.7448255,1
35.0313038,135.7496303,1
35.0257401,135.7361873,1
35.0382726,135.7497191,1
35.0311679,135.7571936,1
35.033501,135.7562158,1
35.026096,135.7516386,1
35.0179552,135.7690347,1
35.0172912,135.7477615,1
35.0302623,135.7517885,1
35.0292482,135.739598,1
35.0302708,135.7555021,1
35.036345,135.747286,1
35.0293901,135.7475306,1
35.0273067,135.740709,1
35.0424834,135.7828112,1
35.0421973,135.7885969,1
35.0446665,135.7851499,1
35.0462718,135.7855248,1
35.0388144,135.7877443,1
35.0554488,135.8330697,1
35.063853,135.7865937,1
35.0665305,135.7807775,1
35.0684053,135.7924375,1
35.1356149,135.8347326,1
35.0215132,135.7855696,1
35.0123335,135.7760537,1
35.0620505,135.8010896,1
35.062331,135.8007257,1
35.0623254,135.7933903,1
35.0632115,135.7890935,1
35.0485688,135.7785475,1
35.0382783,135.8001624,1
35.0291598,135.8002346,1
35.0334122,135.7883305,1
35.012278,135.7785146,1
35.0186996,135.7869806,1
35.0207495,135.7928188,1
35.043636,135.7643596,1
35.0407975,135.7740757,1
35.0468051,135.7756699,1
35.051785,135.7683593,1
35.0516517,135.7981373,1
35.0563178,135.7987344,1
35.0506991,135.7979068,1
35.0523878,135.794871,1
35.0179969,135.7806311,1
35.0286932,135.794502,1
35.0115586,135.7734956,1
35.0319262,135.7813337,1
35.0288292,135.7736287,1
35.0367591,135.786875,1
35.0141806,135.7913385,1
35.2602759,135.7500123,1
35.0510879,135.7797251,1
35.0508074,135.7857247,1
35.0458358,135.7797808,1
35.0536376,135.7866773,1
35.0797986,135.8182099,1
35.0513101,135.7909409,1
35.0231742,135.7749592,1
35.0091265,135.7490631,1
35.0148666,135.7561108,1
35.0086311,135.7602495,1
35.0082811,135.7664379,1
35.0115529,135.7527084,1
35.0105836,135.7524279,1
35.0116891,135.7660101,1
35.0136501,135.7631353,1
35.0145138,135.7522195,1
35.0151166,135.7639657,1
35.0151194,135.7688598,1
35.0168803,135.7608354,1
35.0055145,135.7496922,1
35.0057147,135.7639437,1
35.0105084,135.7471145,1
35.0135917,135.7572024,1
35.0142556,135.7678988,1
35.0129084,135.752189,1
35.0140028,135.7674877,1
35.016833,135.7522555,1
35.0149555,135.7686126,1
35.0143771,135.7342517,1
35.0088359,135.7308327,1
35.021407,135.7310156,1
35.0187822,135.7307269,1
35.0143576,135.7311547,1
35.0117391,135.76023,1
35.012714,135.7707236,1
35.0164942,135.7665211,1
35.0055341,135.7553723,1
35.0042591,135.751006,1
35.0067308,135.7398542,1
35.0030892,135.7336576,1
35.0020478,135.737685,1
35.0109556,135.7476922,1
35.0080783,135.7553055,1
35.0080728,135.782156,1
34.9894525,135.7788952,1
35.0083533,135.7805089,1
34.9862555,135.7711154,1
34.9980015,135.7714792,1
34.9913475,135.7689069,1
34.9949685,135.7688072,1
34.9822254,135.7716542,1
34.991855,135.771107,1
35.0064701,135.7729513,1
35.0076479,135.7905997,1
35.0082616,135.7789313,1
34.9966239,135.773043,1
34.9982738,135.7796174,1
35.0020178,135.78097,1
34.9946129,135.7609385,1
34.9863491,135.735413,1
34.9997763,135.7647576,1
34.9949581,135.758959,1
34.9908078,135.7661741,1
34.9930103,135.7636299,1
35.0012928,135.7529503,1
34.9983792,135.7596386,1
34.9872412,135.7513838,1
34.9862718,135.7514366,1
34.9916048,135.7536253,1
34.990049,135.7419013,1
35.0008678,135.753653,1
35.0035843,135.7633688,1
34.9969261,135.7403848,1
34.9997013,135.7628022,1
34.9929825,135.7610718,1
35.0024899,135.7526281,1
34.9914152,135.7300579,1
34.9919461,135.7443511,1
35.003026,135.7578082,1
34.9862553,135.7541836,1
34.9958378,135.7558695,1
34.9983514,135.7590914,1
35.0020011,135.7663241,1
34.994724,135.7645909,1
34.9954878,135.7584832,1
34.9631933,135.7459147,1
34.9559356,135.7440896,1
34.9640072,135.7497366,1
34.9804442,135.7376545,1
34.9674785,135.7317883,1
34.9713558,135.7289414,1
34.967559,135.728933,1
34.9551771,135.7312102,1
34.9634426,135.7201753,1
34.9847526,135.7544557,1
34.972423,135.7493923,1
34.9815808,135.7576499,1
34.976412,135.7648659,1
35.0125686,135.7149451,1
35.0085884,135.704524,1
35.0094911,135.7119177,1
35.0308197,135.7120671,1
35.0377691,135.6913299,1
35.0073274,135.6999911,1
35.0254008,135.7160808,1
35.2023747,135.6368921,1
35.1261168,135.6240833,1
35.0035196,135.7294358,1
34.9998894,135.7293997,1
35.0147295,135.6849253,1
35.0851465,135.6097132,1
35.0174819,135.6803754,1
35.0152684,135.6949774,1
35.0449137,135.6246339,1
35.0270256,135.702943,1
34.9871182,135.7256944,1
34.994198,135.7118762,1
35.0234315,135.7158086,1
35.0091189,135.720317,1
34.9384693,135.8010034,1
34.944116,135.800223,1
34.9369433,135.764365,1
34.9316937,135.7510717,1
34.9530214,135.8217654,1
34.9478327,135.8126218,1
34.9622983,135.8225875,1
34.9410261,135.7577713,1
34.9433427,135.7606683,1
34.9287358,135.7605542,1
34.9686518,135.7709737,1
34.9729707,135.7678323,1
34.960322,135.7726177,1
34.9415683,135.7762057,1
34.9200539,135.7879101,1
34.9357658,135.7675313,1
34.9344166,135.7923041,1
34.9275525,135.735623,1
34.9375747,135.7641167,1
34.9689753,135.8144718,1
34.9619231,135.8141912,1
34.9623313,135.8092446,1
34.9920701,135.8253762,1
34.9684003,135.8127803,1
34.9909065,135.8365199,1
35.0057775,135.6830034,1
34.9496215,135.6891416,1
34.9727777,135.6927807,1
34.9970672,135.7015466,1
34.9752053,135.6864368,1
34.9861126,135.6913809,1
35.2455977,135.2929291,1
35.4227611,135.3406941,1
35.4558859,135.2296394,1
35.5122566,135.2965246,1
35.5045186,135.2942721,1
35.2969137,135.2581649,1
35.2790548,135.290546,1
35.5397157,135.2393104,1
35.0221907,135.5694402,1
34.9990873,135.5865301,1
34.8756309,135.7206001,1
35.7286196,135.1613989,1
35.1239224,135.4688838,1
35.264476,135.56015,1
35.3231519,135.4559208,1
